Workbook

Sheet DATA
A1: EMP-ID | B1: EMPLOYE NAME | C1: SUNDAY | D1: MONDAY | E1: TUESDAY | F1: WEDNESDAY | G1: THURSDAY | H1: FRIDAY | I1: SATURDAY
A2: SB001 | B2: Sunil Bhusal | C2: 92 | D2: 74 | E2: 88 | F2: 65 | G2: 36 | H2: 85 | I2: 79
A3: SB002 | B3: Aarav | C3: 52 | D3: 24 | E3: 58 | F3: 42 | G3: 11 | H3: 94 | I3: 42
A4: SB003 | B4: Aditya | C4: 97 | D4: 54 | E4: 43 | F4: 45 | G4: 51 | H4: 71 | I4: 95
A5: SB004 | B5: Shidharth | C5: 15 | D5: 68 | E5: 28 | F5: 16 | G5: 16 | H5: 86 | I5: 36
A6: SB005 | B6: Mahendra | C6: 40 | D6: 92 | E6: 46 | F6: 23 | G6: 36 | H6: 80 | I6: 77
A7: SB006 | B7: Shikha Sen | C7: 46 | D7: 21 | E7: 74 | F7: 37 | G7: 63 | H7: 58 | I7: 42
A8: SB007 | B8: vipin | C8: 85 | D8: 53 | E8: 53 | F8: 30 | G8: 80 | H8: 69 | I8: 20
A9: SB008 | B9: Santosh | C9: 63 | D9: 82 | E9: 85 | F9: 23 | G9: 91 | H9: 35 | I9: 63
A10: SB009 | B10: Sameer | C10: 82 | D10: 39 | E10: 79 | F10: 88 | G10: 77 | H10: 71 | I10: 53
A11: SB010 | B11: Bimal | C11: 90 | D11: 27 | E11: 87 | F11: 59 | G11: 35 | H11: 92 | I11: 15
A12: SB011 | B12: Raghav | C12: 26 | D12: 53 | E12: 99 | F12: 22 | G12: 27 | H12: 38 | I12: 82
A13: SB012 | B13: Rohit | C13: 61 | D13: 57 | E13: 53 | F13: 48 | G13: 33 | H13: 69 | I13: 27
... A21: SB020 | B21: Manish | C21: 19 | D21: 67 | E21: 64 | F21: 32 | G21: 34 | H21: 25 | I21: 97

Sheet AVERAGE
B1: AVERAGE OF DAILY PRODUCT DELIVERY FOR PERSON WISE
A3: EMPLOYE NAME | B3: SUNDAY | C3: MONDAY | D3: TUESDAY | E3: WEDNESDAY | F3: THURSDAY | G3: FRIDAY | H3: SATURDAY | I3: AVERAGE
A4: Sunil Bhusal | B4: 92 | C4: 74 | D4: 88 | E4: 65 | F4: 36 | G4: 85 | H4: 79 | I4: =ROUND(AVERAGE(B4:H4),) -> 74
A5: Aarav | B5: 52 | C5: 24 | D5: 58 | E5: 42 | F5: 11 | G5: 94 | H5: 42 | I5: =ROUND(AVERAGE(B5:H5),) -> 46
A6: Aditya | B6: 97 | C6: 54 | D6: 43 | E6: 45 | F6: 51 | G6: 71 | H6: 95 | I6: =ROUND(AVERAGE(B6:H6),) -> 65
A7: Shidharth | B7: 15 | C7: 68 | D7: 28 | E7: 16 | F7: 16 | G7: 86 | H7: 36 | I7: =ROUND(AVERAGE(B7:H7),) -> 38
A8: Mahendra | B8: 40 | C8: 92 | D8: 46 | E8: 23 | F8: 36 | G8: 80 | H8: 77 | I8: =ROUND(AVERAGE(B8:H8),) -> 56
A9: Shikha Sen | B9: 46 | C9: 21 | D9: 74 | E9: 37 | F9: 63 | G9: 58 | H9: 42 | I9: =ROUND(AVERAGE(B9:H9),) -> 49
A10: vipin | B10: 85 | C10: 53 | D10: 53 | E10: 30 | F10: 80 | G10: 69 | H10: 20 | I10: =ROUND(AVERAGE(B10:H10),) -> 56
A11: Santosh | B11: 63 | C11: 82 | D11: 85 | E11: 23 | F11: 91 | G11: 35 | H11: 63 | I11: =ROUND(AVERAGE(B11:H11),) -> 63
A12: Sameer | B12: 82 | C12: 39 | D12: 79 | E12: 88 | F12: 77 | G12: 71 | H12: 53 | I12: =ROUND(AVERAGE(B12:H12),) -> 70
A13: Bimal | B13: 90 | C13: 27 | D13: 87 | E13: 59 | F13: 35 | G13: 92 | H13: 15 | I13: =ROUND(AVERAGE(B13:H13),) -> 58
A14: Raghav | B14: 26 | C14: 53 | D14: 99 | E14: 22 | F14: 27 | G14: 38 | H14: 82 | I14: =ROUND(AVERAGE(B14:H14),) -> 50
A15: Rohit | B15: 61 | C15: 57 | D15: 53 | E15: 48 | F15: 33 | G15: 69 | H15: 27 | I15: =ROUND(AVERAGE(B15:H15),) -> 50
... A23: Manish | B23: 19 | C23: 67 | D23: 64 | E23: 32 | F23: 34 | G23: 25 | H23: 97 | I23: =ROUND(AVERAGE(B23:H23),) -> 48

Sheet BATTERY DASHBOARD
A1: ="DAILY PRODUCT DELIVERY REPORT WISE DASHBOARD OF " & UPPER(C4) -> DAILY PRODUCT DELIVERY REPORT WISE DASHBOARD OF RAKESH
A3: 17 | B3: =DATA!A1 -> EMP-ID | C3: =DATA!B1 -> EMPLOYE NAME | D3: =DATA!C1 -> SUNDAY | E3: =DATA!D1 -> MONDAY | F3: =DATA!E1 -> TUESDAY | G3: =DATA!F1 -> WEDNESDAY | H3: =DATA!G1 -> THURSDAY | I3: =DATA!H1 -> FRIDAY | J3: =DATA!I1 -> SATURDAY | K3: AVERAGE
B4: =INDEX(DATA!A2:A21,A3,1) -> SB017 | C4: =VLOOKUP($B$4,DATA!$A$1:$I$21,COLUMN(B1),0) -> Rakesh | D4: =VLOOKUP($B$4,DATA!$A$1:$I$21,COLUMN(C1),0) -> 90 | E4: =VLOOKUP($B$4,DATA!$A$1:$I$21,COLUMN(D1),0) -> 84 | F4: =VLOOKUP($B$4,DATA!$A$1:$I$21,COLUMN(E1),0) -> 76 | G4: =VLOOKUP($B$4,DATA!$A$1:$I$21,COLUMN(F1),0) -> 85 | H4: =VLOOKUP($B$4,DATA!$A$1:$I$21,COLUMN(G1),0) -> 46 | I4: =VLOOKUP($B$4,DATA!$A$1:$I$21,COLUMN(H1),0) -> 58 | J4: =VLOOKUP($B$4,DATA!$A$1:$I$21,COLUMN(I1),0) -> 19 | K4: =ROUND(AVERAGE(D4:J4),) -> 65
Q24: =K4/100 -> 0.65
